"14365","Lembr"
"15347","Bawa"
"16807","Yazdi"
"19368","Wieland"
"22591","DAgostino"
"25946","Liley"
"28097","Kean"
"28400","Atanassov"
"31955","Moreira"
"3199","Gustafsson"
"3335","Bourrier"
"34175","Bondi"
"35579","Soisalon-Soininen"
"36897","Morris"
"37687","Arias"
"4034","Murata"
"41930","Tung"
"4233","Luo"
"42782","Vicentino"
"43779","Romero"
"48507","Lent"
"48570","Sarkar"
"50330","Shuming"
"50885","Konstantinides"
"52647","Bancilhon"
"57180","Hau"
"58558","Dusserre"
"59795","Desyl"
"63287","Jaekel"
"63395","McKinnon"
"64871","Gutierrez"
"6569","Mingoz"
"65931","Pimenta"
"72553","Yin"
"73623","Sullivan"
"74420","Voronina"
"74426","Kenje"
"77346","Mahmoud"
"78699","Pingr"
"79081","Ullman "
"79653","Levine"
"80759","Queiroz"
"81991","Valtchev"
"90376","Bietzk"
"90643","Choll"
"95030","Arinb"
"95709","Sakurai"
"96895","Mird"
"97302","Bertolino"
"99052","Dale"
